seconds,previews_requested,rss_kib,pss_kib,anonymous_kib,swap_kib
0.002185942,,94992,69083,31476,0
5.004550081,,188960,106550,80140,0
10.004304096,,189268,106851,80448,0
15.004286568,,190896,109560,82076,0
20.004744388,,190984,110365,82164,0
25.003926195,,191036,108617,82216,0
30.003319557,,191052,108633,82232,0
35.003493356,,191160,108741,82340,0
40.00446753,,191164,108745,82344,0
45.004142718,,191164,108740,82344,0
50.003911,,191168,108744,82348,0
55.003759873,,191168,108744,82348,0
60.005794246,,191168,110544,82348,0
65.006385505,,191168,108715,82348,0
70.005087676,,191184,108731,82364,0
75.004994617,,191184,106252,82364,0
80.005112131,,191196,108743,82376,0
85.003507981,,191196,108742,82376,0
90.003338469,,191200,108746,82380,0
95.003570777,,191216,110562,82396,0
100.003960239,,191256,108802,82436,0
105.005719429,,191312,110637,82492,0
110.004311495,,191312,108855,82492,0
115.004001851,,191312,108853,82492,0
120.005853333,,191432,110671,82612,0
125.004060921,,191432,110699,82612,0
130.003652343,,191496,108963,82676,0
135.00362151,,191548,109015,82728,0
140.003680184,,191552,109019,82732,0
145.006426847,,191552,110819,82732,0
150.005053177,,191556,110823,82736,0
155.003447083,,191556,109023,82736,0
160.004534608,,191628,109093,82808,0
165.004711453,,191628,109089,82808,0
170.003759431,,191628,109089,82808,0
175.00408323,,191628,109089,82808,0
180.003613558,,191704,109165,82884,0
185.005223819,,191704,109165,82884,0
190.003453618,,191792,109253,82972,0
195.003894697,,191792,109253,82972,0
200.004516823,,191792,109253,82972,0
205.006469364,,191792,111053,82972,0
210.003955595,,191796,109257,82976,0
215.005371423,,191796,109257,82976,0
220.00471918,,191868,109329,83048,0
225.005132767,,191868,109274,83048,0
230.007470376,,191872,106436,83052,0
235.004671936,,191872,104636,83052,0
240.005102384,,191940,104704,83120,0
245.004908878,,191940,104704,83120,0
250.004863037,,192008,104772,83188,0
255.004129342,,192008,104772,83188,0
260.006490084,,192012,104777,83192,0
265.005306649,,192012,104777,83192,0
270.006030426,,192016,106581,83196,0
275.006435426,,192016,104781,83196,0
280.006157743,,192088,106642,83268,0
285.006372488,,192088,104842,83268,0
290.004226276,,192148,104902,83328,0
295.005424458,,192156,104910,83336,0
300.004548978,,192168,104922,83348,0
305.005117745,,192168,104922,83348,0
310.005031839,,192212,104966,83392,0
315.006110989,,192212,104966,83392,0
320.004775379,,192220,104974,83400,0
325.004464654,,192220,104972,83400,0
330.004249968,,192236,104988,83416,0
335.00640166,,192240,104991,83420,0
340.009437854,,192064,103137,83488,304
345.005450103,,192236,104131,83660,304
350.00373198,,192236,105165,83660,304
355.003657385,,192236,105165,83660,304
360.004001041,,192296,105225,83720,304
365.004926855,,192296,105225,83720,304
370.003675523,,192296,105225,83720,304
375.003654138,,192296,105225,83720,304
380.00411345,,192368,105300,83792,304
385.005243665,,192368,105300,83792,304
390.004892755,,192368,105300,83792,304
395.003987369,,192368,105300,83792,304
400.010378637,,192432,105160,83856,304
405.014379923,,192424,106959,83856,304
410.006852563,,192232,109687,83860,304
415.007779719,,191284,107079,83804,1248
420.005197993,,191344,107140,83864,1248
425.005695717,,140168,58089,32696,50376
430.009897147,,139932,60006,32532,50540
435.004895493,,139512,59620,32200,50872
440.006686411,,139556,59664,32244,50844
445.006059455,,139572,59680,32260,50832
450.005319508,,139664,57972,32352,50816
455.005156769,,139680,57988,32368,50804
460.011722083,,139696,58002,32384,50792
465.004970872,,139708,59816,32396,50780
470.005179105,,139772,58080,32460,50772
475.003886176,,139772,58080,32460,50772
480.007106754,,139832,58140,32520,50768
485.004187548,,139832,58140,32520,50768
490.005441143,,139944,60052,32632,50724
495.004886623,,139944,58252,32632,50724
500.004016162,,139944,60052,32632,50724
505.006766502,,139944,60052,32632,50724
510.004114155,,140012,60120,32700,50720
515.004249933,,140012,58320,32700,50720
520.005114632,,140076,60184,32764,50720
525.004668253,,140076,60184,32764,50720
530.005758844,,140224,58532,32912,50644
535.00538424,,140228,58536,32916,50640
540.005502976,,140280,58588,32968,50640
545.005400279,,140280,58588,32968,50640
550.004110776,,140344,58634,33032,50584
555.004021554,,140348,58638,33036,50580
560.004456822,,140352,58642,33040,50580
565.004336973,,140352,58642,33040,50580
570.003989539,,140376,58576,33064,50576
575.005426757,,140384,58584,33072,50572
580.00824289,,140504,58702,33192,50572
585.004069482,,140452,60619,33192,50572
590.005486212,,140524,58761,33264,50560
595.004405459,,140528,58765,33268,50556
600.005307358,,140592,58811,33332,50556
605.007260038,,140592,58740,33332,50556
610.0045911,,140624,58715,33364,50556
615.004907646,,140624,58728,33364,50556
620.005858165,,140788,60691,33528,50488
625.003987487,,140788,58891,33528,50488
630.004162518,,140792,58896,33532,50488
635.003930821,,140792,58910,33532,50488
640.003754196,,140892,59007,33632,50484
645.005527582,,140892,58993,33632,50484
650.00399266,,140896,60053,33636,50480
655.004021208,,140924,59025,33664,50480
660.003920124,,141000,59101,33740,50476
665.00402798,,141000,59101,33740,50476
670.00493577,,141064,59165,33804,50476
675.005863597,,141064,59165,33804,50476
680.006115512,,141128,59229,33868,50476
685.004135801,,141128,59229,33868,50476
690.004674892,,141908,60009,34648,50456
695.004031756,,141908,60009,34648,50456
700.004244077,,142028,60129,34768,50456
705.005370184,,142028,60129,34768,50456
710.003807101,,142040,60141,34780,50452
715.003827403,,142040,61941,34780,50452
720.004634034,,142044,60145,34784,50452
725.004962192,,142044,61825,34784,50452
730.003858616,,142048,60149,34788,50452
735.00462956,,142048,60149,34788,50452
740.004044262,,142112,60213,34852,50452
745.004234902,,142112,60213,34852,50452
750.006341651,,142116,60217,34856,50452
755.00362335,,142116,60217,34856,50452
760.004779674,,142188,60289,34928,50444
765.006814728,,142188,62089,34928,50444
770.004838163,,142200,60300,34940,50436
775.004928245,,142200,60301,34940,50436
780.005194267,,142264,60364,35004,50436
